"Date","Source","Site ID","POC","Daily Max 1-hour NO2 Concentration","UNITS","DAILY_AQI_VALUE","Site Name","DAILY_OBS_COUNT","PERCENT_COMPLETE","AQS_PARAMETER_CODE","AQS_PARAMETER_DESC","CBSA_CODE","CBSA_NAME","STATE_CODE","STATE","COUNTY_CODE","COUNTY","SITE_LATITUDE","SITE_LONGITUDE"
"01/01/2021","AQS","245100040","1","21.5","ppb","20","Oldtown","23","96.0000","42602","Nitrogen dioxide (NO2)","12580","Baltimore-Columbia-Towson, MD","24","Maryland","510","Baltimore (City)","39.297733","-76.604603"
"01/02/2021","AQS","245100040","1","15.7","ppb","14","Oldtown","24","100.0000","42602","Nitrogen dioxide (NO2)","12580","Baltimore-Columbia-Towson, MD","24","Maryland","510","Baltimore (City)","39.297733","-76.604603"
"01/03/2021","AQS","245100040","1","20.7","ppb","19","Oldtown","24","100.0000","42602","Nitrogen dioxide (NO2)","12580","Baltimore-Columbia-Towson, MD","24","Maryland","510","Baltimore (City)","39.297733","-76.604603"
"01/04/2021","AQS","245100040","1","21.3","ppb","20","Oldtown","23","96.0000","42602","Nitrogen dioxide (NO2)","12580","Baltimore-Columbia-Towson, MD","24","Maryland","510","Baltimore (City)","39.297733","-76.604603"
"01/05/2021","AQS","245100040","1","20.3","ppb","19","Oldtown","23","96.0000","42602","Nitrogen dioxide (NO2)","12580","Baltimore-Columbia-Towson, MD","24","Maryland","510","Baltimore (City)","39.297733","-76.604603"
"01/06/2021","AQS","245100040","1","11.3","ppb","10","Oldtown","23","96.0000","42602","Nitrogen dioxide (NO2)","12580","Baltimore-Columbia-Towson, MD","24","Maryland","510","Baltimore (City)","39.297733","-76.604603"
"01/07/2021","AQS","245100040","1","22.9","ppb","21","Oldtown","24","100.0000","42602","Nitrogen dioxide (NO2)","12580","Baltimore-Columbia-Towson, MD","24","Maryland","510","Baltimore (City)","39.297733","-76.604603"
"01/08/2021","AQS","245100040","1","21.6","ppb","20","Oldtown","23","96.0000","42602","Nitrogen dioxide (NO2)","12580","Baltimore-Columbia-Towson, MD","24","Maryland","510","Baltimore (City)","39.297733","-76.604603"
"01/09/2021","AQS","245100040","1","17","ppb","16","Oldtown","24","100.0000","42602","Nitrogen dioxide (NO2)","12580","Baltimore-Columbia-Towson, MD","24","Maryland","510","Baltimore (City)","39.297733","-76.604603"
"01/10/2021","AQS","245100040","1","44.9","ppb","42","Oldtown","24","100.0000","42602","Nitrogen dioxide (NO2)","12580","Baltimore-Columbia-Towson, MD","24","Maryland","510","Baltimore (City)","39.297733","-76.604603"
"01/11/2021","AQS","245100040","1","44.6","ppb","42","Oldtown","21","88.0000","42602","Nitrogen dioxide (NO2)","12580","Baltimore-Columbia-Towson, MD","24","Maryland","510","Baltimore (City)","39.297733","-76.604603"
"01/12/2021","AQS","245100040","1","45.1","ppb","42","Oldtown","24","100.0000","42602","Nitrogen dioxide (NO2)","12580","Baltimore-Columbia-Towson, MD","24","Maryland","510","Baltimore (City)","39.297733","-76.604603"
"01/13/2021","AQS","245100040","1","43.3","ppb","41","Oldtown","23","96.0000","42602","Nitrogen dioxide (NO2)","12580","Baltimore-Columbia-Towson, MD","24","Maryland","510","Baltimore (City)","39.297733","-76.604603"
"01/14/2021","AQS","245100040","1","45.6","ppb","42","Oldtown","24","100.0000","42602","Nitrogen dioxide (NO2)","12580","Baltimore-Columbia-Towson, MD","24","Maryland","510","Baltimore (City)","39.297733","-76.604603"
"01/15/2021","AQS","245100040","1","39.2","ppb","37","Oldtown","23","96.0000","42602","Nitrogen dioxide (NO2)","12580","Baltimore-Columbia-Towson, MD","24","Maryland","510","Baltimore (City)","39.297733","-76.604603"
"01/16/2021","AQS","245100040","1","19.6","ppb","18","Oldtown","24","100.0000","42602","Nitrogen dioxide (NO2)","12580","Baltimore-Columbia-Towson, MD","24","Maryland","510","Baltimore (City)","39.297733","-76.604603"
"01/17/2021","AQS","245100040","1","17.4","ppb","16","Oldtown","24","100.0000","42602","Nitrogen dioxide (NO2)","12580","Baltimore-Columbia-Towson, MD","24","Maryland","510","Baltimore (City)","39.297733","-76.604603"
"01/18/2021","AQS","245100040","1","18.3","ppb","17","Oldtown","23","96.0000","42602","Nitrogen dioxide (NO2)","12580","Baltimore-Columbia-Towson, MD","24","Maryland","510","Baltimore (City)","39.297733","-76.604603"
"01/19/2021","AQS","245100040","1","43.4","ppb","41","Oldtown","22","92.0000","42602","Nitrogen dioxide (NO2)","12580","Baltimore-Columbia-Towson, MD","24","Maryland","510","Baltimore (City)","39.297733","-76.604603"
"01/20/2021","AQS","245100040","1","43.2","ppb","41","Oldtown","23","96.0000","42602","Nitrogen dioxide (NO2)","12580","Baltimore-Columbia-Towson, MD","24","Maryland","510","Baltimore (City)","39.297733","-76.604603"
"01/21/2021","AQS","245100040","1","38.3","ppb","36","Oldtown","24","100.0000","42602","Nitrogen dioxide (NO2)","12580","Baltimore-Columbia-Towson, MD","24","Maryland","510","Baltimore (City)","39.297733","-76.604603"
"01/22/2021","AQS","245100040","1","37.6","ppb","35","Oldtown","23","96.0000","42602","Nitrogen dioxide (NO2)","12580","Baltimore-Columbia-Towson, MD","24","Maryland","510","Baltimore (City)","39.297733","-76.604603"
"01/23/2021","AQS","245100040","1","8.2","ppb","8","Oldtown","24","100.0000","42602","Nitrogen dioxide (NO2)","12580","Baltimore-Columbia-Towson, MD","24","Maryland","510","Baltimore (City)","39.297733","-76.604603"
"01/24/2021","AQS","245100040","1","15.4","ppb","14","Oldtown","24","100.0000","42602","Nitrogen dioxide (NO2)","12580","Baltimore-Columbia-Towson, MD","24","Maryland","510","Baltimore (City)","39.297733","-76.604603"
"01/25/2021","AQS","245100040","1","21.5","ppb","20","Oldtown","23","96.0000","42602","Nitrogen dioxide (NO2)","12580","Baltimore-Columbia-Towson, MD","24","Maryland","510","Baltimore (City)","39.297733","-76.604603"
"01/26/2021","AQS","245100040","1","25.9","ppb","24","Oldtown","23","96.0000","42602","Nitrogen dioxide (NO2)","12580","Baltimore-Columbia-Towson, MD","24","Maryland","510","Baltimore (City)","39.297733","-76.604603"
"01/27/2021","AQS","245100040","1","23.2","ppb","22","Oldtown","23","96.0000","42602","Nitrogen dioxide (NO2)","12580","Baltimore-Columbia-Towson, MD","24","Maryland","510","Baltimore (City)","39.297733","-76.604603"
"01/28/2021","AQS","245100040","1","10.4","ppb","9","Oldtown","24","100.0000","42602","Nitrogen dioxide (NO2)","12580","Baltimore-Columbia-Towson, MD","24","Maryland","510","Baltimore (City)","39.297733","-76.604603"
"01/29/2021","AQS","245100040","1","8.7","ppb","8","Oldtown","23","96.0000","42602","Nitrogen dioxide (NO2)","12580","Baltimore-Columbia-Towson, MD","24","Maryland","510","Baltimore (City)","39.297733","-76.604603"
"01/30/2021","AQS","245100040","1","39.9","ppb","37","Oldtown","24","100.0000","42602","Nitrogen dioxide (NO2)","12580","Baltimore-Columbia-Towson, MD","24","Maryland","510","Baltimore (City)","39.297733","-76.604603"
"01/31/2021","AQS","245100040","1","42.5","ppb","40","Oldtown","24","100.0000","42602","Nitrogen dioxide (NO2)","12580","Baltimore-Columbia-Towson, MD","24","Maryland","510","Baltimore (City)","39.297733","-76.604603"
"02/01/2021","AQS","245100040","1","15.4","ppb","14","Oldtown","22","92.0000","42602","Nitrogen dioxide (NO2)","12580","Baltimore-Columbia-Towson, MD","24","Maryland","510","Baltimore (City)","39.297733","-76.604603"
"02/02/2021","AQS","245100040","1","11.6","ppb","10","Oldtown","24","100.0000","42602","Nitrogen dioxide (NO2)","12580","Baltimore-Columbia-Towson, MD","24","Maryland","510","Baltimore (City)","39.297733","-76.604603"
"02/03/2021","AQS","245100040","1","25.2","ppb","24","Oldtown","23","96.0000","42602","Nitrogen dioxide (NO2)","12580","Baltimore-Columbia-Towson, MD","24","Maryland","510","Baltimore (City)","39.297733","-76.604603"
"02/04/2021","AQS","245100040","1","51.1","ppb","48","Oldtown","24","100.0000","42602","Nitrogen dioxide (NO2)","12580","Baltimore-Columbia-Towson, MD","24","Maryland","510","Baltimore (City)","39.297733","-76.604603"
"02/05/2021","AQS","245100040","1","26.5","ppb","25","Oldtown","23","96.0000","42602","Nitrogen dioxide (NO2)","12580","Baltimore-Columbia-Towson, MD","24","Maryland","510","Baltimore (City)","39.297733","-76.604603"
"02/06/2021","AQS","245100040","1","39.6","ppb","37","Oldtown","24","100.0000","42602","Nitrogen dioxide (NO2)","12580","Baltimore-Columbia-Towson, MD","24","Maryland","510","Baltimore (City)","39.297733","-76.604603"
"02/07/2021","AQS","245100040","1","29.4","ppb","27","Oldtown","24","100.0000","42602","Nitrogen dioxide (NO2)","12580","Baltimore-Columbia-Towson, MD","24","Maryland","510","Baltimore (City)","39.297733","-76.604603"
"02/08/2021","AQS","245100040","1","32.1","ppb","30","Oldtown","21","88.0000","42602","Nitrogen dioxide (NO2)","12580","Baltimore-Columbia-Towson, MD","24","Maryland","510","Baltimore (City)","39.297733","-76.604603"
"02/09/2021","AQS","245100040","1","32","ppb","30","Oldtown","24","100.0000","42602","Nitrogen dioxide (NO2)","12580","Baltimore-Columbia-Towson, MD","24","Maryland","510","Baltimore (City)","39.297733","-76.604603"
"02/10/2021","AQS","245100040","1","35.4","ppb","33","Oldtown","23","96.0000","42602","Nitrogen dioxide (NO2)","12580","Baltimore-Columbia-Towson, MD","24","Maryland","510","Baltimore (City)","39.297733","-76.604603"
"02/11/2021","AQS","245100040","1","22.4","ppb","21","Oldtown","24","100.0000","42602","Nitrogen dioxide (NO2)","12580","Baltimore-Columbia-Towson, MD","24","Maryland","510","Baltimore (City)","39.297733","-76.604603"
"02/12/2021","AQS","245100040","1","24.4","ppb","23","Oldtown","23","96.0000","42602","Nitrogen dioxide (NO2)","12580","Baltimore-Columbia-Towson, MD","24","Maryland","510","Baltimore (City)","39.297733","-76.604603"
"02/13/2021","AQS","245100040","1","25.7","ppb","24","Oldtown","24","100.0000","42602","Nitrogen dioxide (NO2)","12580","Baltimore-Columbia-Towson, MD","24","Maryland","510","Baltimore (City)","39.297733","-76.604603"
"02/14/2021","AQS","245100040","1","27.6","ppb","25","Oldtown","24","100.0000","42602","Nitrogen dioxide (NO2)","12580","Baltimore-Columbia-Towson, MD","24","Maryland","510","Baltimore (City)","39.297733","-76.604603"
"02/15/2021","AQS","245100040","1","27.1","ppb","25","Oldtown","23","96.0000","42602","Nitrogen dioxide (NO2)","12580","Baltimore-Columbia-Towson, MD","24","Maryland","510","Baltimore (City)","39.297733","-76.604603"
"02/16/2021","AQS","245100040","1","26.3","ppb","25","Oldtown","23","96.0000","42602","Nitrogen dioxide (NO2)","12580","Baltimore-Columbia-Towson, MD","24","Maryland","510","Baltimore (City)","39.297733","-76.604603"
"02/17/2021","AQS","245100040","1","15.7","ppb","14","Oldtown","23","96.0000","42602","Nitrogen dioxide (NO2)","12580","Baltimore-Columbia-Towson, MD","24","Maryland","510","Baltimore (City)","39.297733","-76.604603"
"02/18/2021","AQS","245100040","1","19","ppb","18","Oldtown","24","100.0000","42602","Nitrogen dioxide (NO2)","12580","Baltimore-Columbia-Towson, MD","24","Maryland","510","Baltimore (City)","39.297733","-76.604603"
"02/19/2021","AQS","245100040","1","20.9","ppb","19","Oldtown","23","96.0000","42602","Nitrogen dioxide (NO2)","12580","Baltimore-Columbia-Towson, MD","24","Maryland","510","Baltimore (City)","39.297733","-76.604603"
"02/20/2021","AQS","245100040","1","12.4","ppb","11","Oldtown","24","100.0000","42602","Nitrogen dioxide (NO2)","12580","Baltimore-Columbia-Towson, MD","24","Maryland","510","Baltimore (City)","39.297733","-76.604603"
"02/21/2021","AQS","245100040","1","19.4","ppb","18","Oldtown","24","100.0000","42602","Nitrogen dioxide (NO2)","12580","Baltimore-Columbia-Towson, MD","24","Maryland","510","Baltimore (City)","39.297733","-76.604603"
"02/22/2021","AQS","245100040","1","30.4","ppb","28","Oldtown","22","92.0000","42602","Nitrogen dioxide (NO2)","12580","Baltimore-Columbia-Towson, MD","24","Maryland","510","Baltimore (City)","39.297733","-76.604603"
"02/23/2021","AQS","245100040","1","35.4","ppb","33","Oldtown","24","100.0000","42602","Nitrogen dioxide (NO2)","12580","Baltimore-Columbia-Towson, MD","24","Maryland","510","Baltimore (City)","39.297733","-76.604603"
"02/24/2021","AQS","245100040","1","50","ppb","47","Oldtown","23","96.0000","42602","Nitrogen dioxide (NO2)","12580","Baltimore-Columbia-Towson, MD","24","Maryland","510","Baltimore (City)","39.297733","-76.604603"
"02/25/2021","AQS","245100040","1","46.4","ppb","43","Oldtown","24","100.0000","42602","Nitrogen dioxide (NO2)","12580","Baltimore-Columbia-Towson, MD","24","Maryland","510","Baltimore (City)","39.297733","-76.604603"
"02/26/2021","AQS","245100040","1","46.4","ppb","43","Oldtown","23","96.0000","42602","Nitrogen dioxide (NO2)","12580","Baltimore-Columbia-Towson, MD","24","Maryland","510","Baltimore (City)","39.297733","-76.604603"
"02/27/2021","AQS","245100040","1","32","ppb","30","Oldtown","24","100.0000","42602","Nitrogen dioxide (NO2)","12580","Baltimore-Columbia-Towson, MD","24","Maryland","510","Baltimore (City)","39.297733","-76.604603"
"02/28/2021","AQS","245100040","1","32.4","ppb","30","Oldtown","24","100.0000","42602","Nitrogen dioxide (NO2)","12580","Baltimore-Columbia-Towson, MD","24","Maryland","510","Baltimore (City)","39.297733","-76.604603"
"03/01/2021","AQS","245100040","1","29.6","ppb","27","Oldtown","23","96.0000","42602","Nitrogen dioxide (NO2)","12580","Baltimore-Columbia-Towson, MD","24","Maryland","510","Baltimore (City)","39.297733","-76.604603"
"03/02/2021","AQS","245100040","1","31.4","ppb","29","Oldtown","24","100.0000","42602","Nitrogen dioxide (NO2)","12580","Baltimore-Columbia-Towson, MD","24","Maryland","510","Baltimore (City)","39.297733","-76.604603"
"03/03/2021","AQS","245100040","1","41.1","ppb","39","Oldtown","23","96.0000","42602","Nitrogen dioxide (NO2)","12580","Baltimore-Columbia-Towson, MD","24","Maryland","510","Baltimore (City)","39.297733","-76.604603"
"03/04/2021","AQS","245100040","1","22.8","ppb","21","Oldtown","24","100.0000","42602","Nitrogen dioxide (NO2)","12580","Baltimore-Columbia-Towson, MD","24","Maryland","510","Baltimore (City)","39.297733","-76.604603"
"03/05/2021","AQS","245100040","1","10.4","ppb","9","Oldtown","21","88.0000","42602","Nitrogen dioxide (NO2)","12580","Baltimore-Columbia-Towson, MD","24","Maryland","510","Baltimore (City)","39.297733","-76.604603"
"03/06/2021","AQS","245100040","1","21.5","ppb","20","Oldtown","24","100.0000","42602","Nitrogen dioxide (NO2)","12580","Baltimore-Columbia-Towson, MD","24","Maryland","510","Baltimore (City)","39.297733","-76.604603"
"03/07/2021","AQS","245100040","1","51.4","ppb","48","Oldtown","24","100.0000","42602","Nitrogen dioxide (NO2)","12580","Baltimore-Columbia-Towson, MD","24","Maryland","510","Baltimore (City)","39.297733","-76.604603"
"03/08/2021","AQS","245100040","1","47.7","ppb","44","Oldtown","23","96.0000","42602","Nitrogen dioxide (NO2)","12580","Baltimore-Columbia-Towson, MD","24","Maryland","510","Baltimore (City)","39.297733","-76.604603"
"03/09/2021","AQS","245100040","1","58.6","ppb","55","Oldtown","24","100.0000","42602","Nitrogen dioxide (NO2)","12580","Baltimore-Columbia-Towson, MD","24","Maryland","510","Baltimore (City)","39.297733","-76.604603"
"03/10/2021","AQS","245100040","1","38.5","ppb","36","Oldtown","18","75.0000","42602","Nitrogen dioxide (NO2)","12580","Baltimore-Columbia-Towson, MD","24","Maryland","510","Baltimore (City)","39.297733","-76.604603"
"03/11/2021","AQS","245100040","1","52.9","ppb","49","Oldtown","24","100.0000","42602","Nitrogen dioxide (NO2)","12580","Baltimore-Columbia-Towson, MD","24","Maryland","510","Baltimore (City)","39.297733","-76.604603"
"03/12/2021","AQS","245100040","1","25.9","ppb","24","Oldtown","23","96.0000","42602","Nitrogen dioxide (NO2)","12580","Baltimore-Columbia-Towson, MD","24","Maryland","510","Baltimore (City)","39.297733","-76.604603"
"03/13/2021","AQS","245100040","1","40.9","ppb","38","Oldtown","24","100.0000","42602","Nitrogen dioxide (NO2)","12580","Baltimore-Columbia-Towson, MD","24","Maryland","510","Baltimore (City)","39.297733","-76.604603"
"03/14/2021","AQS","245100040","1","11.6","ppb","10","Oldtown","24","100.0000","42602","Nitrogen dioxide (NO2)","12580","Baltimore-Columbia-Towson, MD","24","Maryland","510","Baltimore (City)","39.297733","-76.604603"
"03/15/2021","AQS","245100040","1","20.5","ppb","19","Oldtown","23","96.0000","42602","Nitrogen dioxide (NO2)","12580","Baltimore-Columbia-Towson, MD","24","Maryland","510","Baltimore (City)","39.297733","-76.604603"
"03/16/2021","AQS","245100040","1","18.9","ppb","17","Oldtown","24","100.0000","42602","Nitrogen dioxide (NO2)","12580","Baltimore-Columbia-Towson, MD","24","Maryland","510","Baltimore (City)","39.297733","-76.604603"
"03/17/2021","AQS","245100040","1","27.6","ppb","25","Oldtown","23","96.0000","42602","Nitrogen dioxide (NO2)","12580","Baltimore-Columbia-Towson, MD","24","Maryland","510","Baltimore (City)","39.297733","-76.604603"
"03/18/2021","AQS","245100040","1","27.2","ppb","25","Oldtown","24","100.0000","42602","Nitrogen dioxide (NO2)","12580","Baltimore-Columbia-Towson, MD","24","Maryland","510","Baltimore (City)","39.297733","-76.604603"
"03/19/2021","AQS","245100040","1","13.9","ppb","12","Oldtown","21","88.0000","42602","Nitrogen dioxide (NO2)","12580","Baltimore-Columbia-Towson, MD","24","Maryland","510","Baltimore (City)","39.297733","-76.604603"
"03/20/2021","AQS","245100040","1","51.2","ppb","48","Oldtown","24","100.0000","42602","Nitrogen dioxide (NO2)","12580","Baltimore-Columbia-Towson, MD","24","Maryland","510","Baltimore (City)","39.297733","-76.604603"
"03/21/2021","AQS","245100040","1","40.5","ppb","38","Oldtown","24","100.0000","42602","Nitrogen dioxide (NO2)","12580","Baltimore-Columbia-Towson, MD","24","Maryland","510","Baltimore (City)","39.297733","-76.604603"
"03/22/2021","AQS","245100040","1","39.8","ppb","37","Oldtown","23","96.0000","42602","Nitrogen dioxide (NO2)","12580","Baltimore-Columbia-Towson, MD","24","Maryland","510","Baltimore (City)","39.297733","-76.604603"
"03/23/2021","AQS","245100040","1","31.6","ppb","29","Oldtown","24","100.0000","42602","Nitrogen dioxide (NO2)","12580","Baltimore-Columbia-Towson, MD","24","Maryland","510","Baltimore (City)","39.297733","-76.604603"
"03/24/2021","AQS","245100040","1","18.3","ppb","17","Oldtown","21","88.0000","42602","Nitrogen dioxide (NO2)","12580","Baltimore-Columbia-Towson, MD","24","Maryland","510","Baltimore (City)","39.297733","-76.604603"
"03/25/2021","AQS","245100040","1","26.6","ppb","25","Oldtown","24","100.0000","42602","Nitrogen dioxide (NO2)","12580","Baltimore-Columbia-Towson, MD","24","Maryland","510","Baltimore (City)","39.297733","-76.604603"
"03/26/2021","AQS","245100040","1","30.5","ppb","28","Oldtown","23","96.0000","42602","Nitrogen dioxide (NO2)","12580","Baltimore-Columbia-Towson, MD","24","Maryland","510","Baltimore (City)","39.297733","-76.604603"
"03/27/2021","AQS","245100040","1","23.6","ppb","22","Oldtown","24","100.0000","42602","Nitrogen dioxide (NO2)","12580","Baltimore-Columbia-Towson, MD","24","Maryland","510","Baltimore (City)","39.297733","-76.604603"
"03/28/2021","AQS","245100040","1","14.7","ppb","13","Oldtown","24","100.0000","42602","Nitrogen dioxide (NO2)","12580","Baltimore-Columbia-Towson, MD","24","Maryland","510","Baltimore (City)","39.297733","-76.604603"
"03/29/2021","AQS","245100040","1","41.3","ppb","39","Oldtown","23","96.0000","42602","Nitrogen dioxide (NO2)","12580","Baltimore-Columbia-Towson, MD","24","Maryland","510","Baltimore (City)","39.297733","-76.604603"
"03/30/2021","AQS","245100040","1","34.4","ppb","32","Oldtown","24","100.0000","42602","Nitrogen dioxide (NO2)","12580","Baltimore-Columbia-Towson, MD","24","Maryland","510","Baltimore (City)","39.297733","-76.604603"
"03/31/2021","AQS","245100040","1","35.4","ppb","33","Oldtown","21","88.0000","42602","Nitrogen dioxide (NO2)","12580","Baltimore-Columbia-Towson, MD","24","Maryland","510","Baltimore (City)","39.297733","-76.604603"
"04/01/2021","AQS","245100040","1","10.7","ppb","9","Oldtown","24","100.0000","42602","Nitrogen dioxide (NO2)","12580","Baltimore-Columbia-Towson, MD","24","Maryland","510","Baltimore (City)","39.297733","-76.604603"
"04/02/2021","AQS","245100040","1","13.1","ppb","12","Oldtown","23","96.0000","42602","Nitrogen dioxide (NO2)","12580","Baltimore-Columbia-Towson, MD","24","Maryland","510","Baltimore (City)","39.297733","-76.604603"
"04/03/2021","AQS","245100040","1","25.4","ppb","24","Oldtown","24","100.0000","42602","Nitrogen dioxide (NO2)","12580","Baltimore-Columbia-Towson, MD","24","Maryland","510","Baltimore (City)","39.297733","-76.604603"
"04/04/2021","AQS","245100040","1","27.9","ppb","25","Oldtown","24","100.0000","42602","Nitrogen dioxide (NO2)","12580","Baltimore-Columbia-Towson, MD","24","Maryland","510","Baltimore (City)","39.297733","-76.604603"
"04/05/2021","AQS","245100040","1","34.2","ppb","32","Oldtown","23","96.0000","42602","Nitrogen dioxide (NO2)","12580","Baltimore-Columbia-Towson, MD","24","Maryland","510","Baltimore (City)","39.297733","-76.604603"
"04/06/2021","AQS","245100040","1","52.8","ppb","49","Oldtown","24","100.0000","42602","Nitrogen dioxide (NO2)","12580","Baltimore-Columbia-Towson, MD","24","Maryland","510","Baltimore (City)","39.297733","-76.604603"
"04/07/2021","AQS","245100040","1","52.7","ppb","49","Oldtown","23","96.0000","42602","Nitrogen dioxide (NO2)","12580","Baltimore-Columbia-Towson, MD","24","Maryland","510","Baltimore (City)","39.297733","-76.604603"
"04/08/2021","AQS","245100040","1","22.6","ppb","21","Oldtown","24","100.0000","42602","Nitrogen dioxide (NO2)","12580","Baltimore-Columbia-Towson, MD","24","Maryland","510","Baltimore (City)","39.297733","-76.604603"
"04/09/2021","AQS","245100040","1","12.6","ppb","11","Oldtown","21","88.0000","42602","Nitrogen dioxide (NO2)","12580","Baltimore-Columbia-Towson, MD","24","Maryland","510","Baltimore (City)","39.297733","-76.604603"
"04/10/2021","AQS","245100040","1","18.2","ppb","17","Oldtown","24","100.0000","42602","Nitrogen dioxide (NO2)","12580","Baltimore-Columbia-Towson, MD","24","Maryland","510","Baltimore (City)","39.297733","-76.604603"
"04/11/2021","AQS","245100040","1","15.9","ppb","14","Oldtown","24","100.0000","42602","Nitrogen dioxide (NO2)","12580","Baltimore-Columbia-Towson, MD","24","Maryland","510","Baltimore (City)","39.297733","-76.604603"
"04/12/2021","AQS","245100040","1","14.1","ppb","13","Oldtown","23","96.0000","42602","Nitrogen dioxide (NO2)","12580","Baltimore-Columbia-Towson, MD","24","Maryland","510","Baltimore (City)","39.297733","-76.604603"
"04/13/2021","AQS","245100040","1","37.7","ppb","35","Oldtown","24","100.0000","42602","Nitrogen dioxide (NO2)","12580","Baltimore-Columbia-Towson, MD","24","Maryland","510","Baltimore (City)","39.297733","-76.604603"
"04/14/2021","AQS","245100040","1","32.9","ppb","30","Oldtown","23","96.0000","42602","Nitrogen dioxide (NO2)","12580","Baltimore-Columbia-Towson, MD","24","Maryland","510","Baltimore (City)","39.297733","-76.604603"
"04/15/2021","AQS","245100040","1","16","ppb","15","Oldtown","21","88.0000","42602","Nitrogen dioxide (NO2)","12580","Baltimore-Columbia-Towson, MD","24","Maryland","510","Baltimore (City)","39.297733","-76.604603"
"04/16/2021","AQS","245100040","1","15.3","ppb","14","Oldtown","23","96.0000","42602","Nitrogen dioxide (NO2)","12580","Baltimore-Columbia-Towson, MD","24","Maryland","510","Baltimore (City)","39.297733","-76.604603"
"04/17/2021","AQS","245100040","1","13.5","ppb","12","Oldtown","24","100.0000","42602","Nitrogen dioxide (NO2)","12580","Baltimore-Columbia-Towson, MD","24","Maryland","510","Baltimore (City)","39.297733","-76.604603"
"04/18/2021","AQS","245100040","1","33.2","ppb","31","Oldtown","24","100.0000","42602","Nitrogen dioxide (NO2)","12580","Baltimore-Columbia-Towson, MD","24","Maryland","510","Baltimore (City)","39.297733","-76.604603"
"04/19/2021","AQS","245100040","1","39.5","ppb","37","Oldtown","23","96.0000","42602","Nitrogen dioxide (NO2)","12580","Baltimore-Columbia-Towson, MD","24","Maryland","510","Baltimore (City)","39.297733","-76.604603"
"04/20/2021","AQS","245100040","1","32.3","ppb","30","Oldtown","24","100.0000","42602","Nitrogen dioxide (NO2)","12580","Baltimore-Columbia-Towson, MD","24","Maryland","510","Baltimore (City)","39.297733","-76.604603"
"04/21/2021","AQS","245100040","1","14.5","ppb","13","Oldtown","22","92.0000","42602","Nitrogen dioxide (NO2)","12580","Baltimore-Columbia-Towson, MD","24","Maryland","510","Baltimore (City)","39.297733","-76.604603"
"04/22/2021","AQS","245100040","1","20.1","ppb","19","Oldtown","23","96.0000","42602","Nitrogen dioxide (NO2)","12580","Baltimore-Columbia-Towson, MD","24","Maryland","510","Baltimore (City)","39.297733","-76.604603"
"04/23/2021","AQS","245100040","1","23.5","ppb","22","Oldtown","23","96.0000","42602","Nitrogen dioxide (NO2)","12580","Baltimore-Columbia-Towson, MD","24","Maryland","510","Baltimore (City)","39.297733","-76.604603"
"04/24/2021","AQS","245100040","1","25.2","ppb","24","Oldtown","24","100.0000","42602","Nitrogen dioxide (NO2)","12580","Baltimore-Columbia-Towson, MD","24","Maryland","510","Baltimore (City)","39.297733","-76.604603"
"04/25/2021","AQS","245100040","1","8.6","ppb","8","Oldtown","24","100.0000","42602","Nitrogen dioxide (NO2)","12580","Baltimore-Columbia-Towson, MD","24","Maryland","510","Baltimore (City)","39.297733","-76.604603"
"04/26/2021","AQS","245100040","1","48.5","ppb","45","Oldtown","23","96.0000","42602","Nitrogen dioxide (NO2)","12580","Baltimore-Columbia-Towson, MD","24","Maryland","510","Baltimore (City)","39.297733","-76.604603"
"04/27/2021","AQS","245100040","1","40.1","ppb","38","Oldtown","24","100.0000","42602","Nitrogen dioxide (NO2)","12580","Baltimore-Columbia-Towson, MD","24","Maryland","510","Baltimore (City)","39.297733","-76.604603"
"04/28/2021","AQS","245100040","1","33.3","ppb","31","Oldtown","21","88.0000","42602","Nitrogen dioxide (NO2)","12580","Baltimore-Columbia-Towson, MD","24","Maryland","510","Baltimore (City)","39.297733","-76.604603"
"04/29/2021","AQS","245100040","1","33.1","ppb","31","Oldtown","23","96.0000","42602","Nitrogen dioxide (NO2)","12580","Baltimore-Columbia-Towson, MD","24","Maryland","510","Baltimore (City)","39.297733","-76.604603"
"04/30/2021","AQS","245100040","1","5.3","ppb","5","Oldtown","23","96.0000","42602","Nitrogen dioxide (NO2)","12580","Baltimore-Columbia-Towson, MD","24","Maryland","510","Baltimore (City)","39.297733","-76.604603"
"05/01/2021","AQS","245100040","1","21.6","ppb","20","Oldtown","24","100.0000","42602","Nitrogen dioxide (NO2)","12580","Baltimore-Columbia-Towson, MD","24","Maryland","510","Baltimore (City)","39.297733","-76.604603"
"05/02/2021","AQS","245100040","1","17.2","ppb","16","Oldtown","24","100.0000","42602","Nitrogen dioxide (NO2)","12580","Baltimore-Columbia-Towson, MD","24","Maryland","510","Baltimore (City)","39.297733","-76.604603"
"05/03/2021","AQS","245100040","1","19.6","ppb","18","Oldtown","23","96.0000","42602","Nitrogen dioxide (NO2)","12580","Baltimore-Columbia-Towson, MD","24","Maryland","510","Baltimore (City)","39.297733","-76.604603"
"05/04/2021","AQS","245100040","1","16.2","ppb","15","Oldtown","22","92.0000","42602","Nitrogen dioxide (NO2)","12580","Baltimore-Columbia-Towson, MD","24","Maryland","510","Baltimore (City)","39.297733","-76.604603"
"05/05/2021","AQS","245100040","1","19.1","ppb","18","Oldtown","23","96.0000","42602","Nitrogen dioxide (NO2)","12580","Baltimore-Columbia-Towson, MD","24","Maryland","510","Baltimore (City)","39.297733","-76.604603"
"05/06/2021","AQS","245100040","1","31","ppb","29","Oldtown","23","96.0000","42602","Nitrogen dioxide (NO2)","12580","Baltimore-Columbia-Towson, MD","24","Maryland","510","Baltimore (City)","39.297733","-76.604603"
"05/07/2021","AQS","245100040","1","29.5","ppb","27","Oldtown","23","96.0000","42602","Nitrogen dioxide (NO2)","12580","Baltimore-Columbia-Towson, MD","24","Maryland","510","Baltimore (City)","39.297733","-76.604603"
"05/08/2021","AQS","245100040","1","15.1","ppb","14","Oldtown","24","100.0000","42602","Nitrogen dioxide (NO2)","12580","Baltimore-Columbia-Towson, MD","24","Maryland","510","Baltimore (City)","39.297733","-76.604603"
"05/09/2021","AQS","245100040","1","13","ppb","12","Oldtown","24","100.0000","42602","Nitrogen dioxide (NO2)","12580","Baltimore-Columbia-Towson, MD","24","Maryland","510","Baltimore (City)","39.297733","-76.604603"
"05/10/2021","AQS","245100040","1","25.6","ppb","24","Oldtown","23","96.0000","42602","Nitrogen dioxide (NO2)","12580","Baltimore-Columbia-Towson, MD","24","Maryland","510","Baltimore (City)","39.297733","-76.604603"
"05/11/2021","AQS","245100040","1","19.8","ppb","18","Oldtown","24","100.0000","42602","Nitrogen dioxide (NO2)","12580","Baltimore-Columbia-Towson, MD","24","Maryland","510","Baltimore (City)","39.297733","-76.604603"
"05/12/2021","AQS","245100040","1","35.5","ppb","33","Oldtown","23","96.0000","42602","Nitrogen dioxide (NO2)","12580","Baltimore-Columbia-Towson, MD","24","Maryland","510","Baltimore (City)","39.297733","-76.604603"
"05/13/2021","AQS","245100040","1","34.2","ppb","32","Oldtown","22","92.0000","42602","Nitrogen dioxide (NO2)","12580","Baltimore-Columbia-Towson, MD","24","Maryland","510","Baltimore (City)","39.297733","-76.604603"
"05/14/2021","AQS","245100040","1","34.6","ppb","32","Oldtown","23","96.0000","42602","Nitrogen dioxide (NO2)","12580","Baltimore-Columbia-Towson, MD","24","Maryland","510","Baltimore (City)","39.297733","-76.604603"
"05/15/2021","AQS","245100040","1","22.9","ppb","21","Oldtown","24","100.0000","42602","Nitrogen dioxide (NO2)","12580","Baltimore-Columbia-Towson, MD","24","Maryland","510","Baltimore (City)","39.297733","-76.604603"
"05/16/2021","AQS","245100040","1","15.7","ppb","14","Oldtown","24","100.0000","42602","Nitrogen dioxide (NO2)","12580","Baltimore-Columbia-Towson, MD","24","Maryland","510","Baltimore (City)","39.297733","-76.604603"
"05/17/2021","AQS","245100040","1","35.2","ppb","33","Oldtown","23","96.0000","42602","Nitrogen dioxide (NO2)","12580","Baltimore-Columbia-Towson, MD","24","Maryland","510","Baltimore (City)","39.297733","-76.604603"
"05/18/2021","AQS","245100040","1","35.9","ppb","33","Oldtown","24","100.0000","42602","Nitrogen dioxide (NO2)","12580","Baltimore-Columbia-Towson, MD","24","Maryland","510","Baltimore (City)","39.297733","-76.604603"
"05/19/2021","AQS","245100040","1","22.6","ppb","21","Oldtown","22","92.0000","42602","Nitrogen dioxide (NO2)","12580","Baltimore-Columbia-Towson, MD","24","Maryland","510","Baltimore (City)","39.297733","-76.604603"
"05/20/2021","AQS","245100040","1","27.5","ppb","25","Oldtown","23","96.0000","42602","Nitrogen dioxide (NO2)","12580","Baltimore-Columbia-Towson, MD","24","Maryland","510","Baltimore (City)","39.297733","-76.604603"
"05/21/2021","AQS","245100040","1","24.7","ppb","23","Oldtown","23","96.0000","42602","Nitrogen dioxide (NO2)","12580","Baltimore-Columbia-Towson, MD","24","Maryland","510","Baltimore (City)","39.297733","-76.604603"
"05/22/2021","AQS","245100040","1","11.1","ppb","10","Oldtown","24","100.0000","42602","Nitrogen dioxide (NO2)","12580","Baltimore-Columbia-Towson, MD","24","Maryland","510","Baltimore (City)","39.297733","-76.604603"
"05/23/2021","AQS","245100040","1","8.8","ppb","8","Oldtown","24","100.0000","42602","Nitrogen dioxide (NO2)","12580","Baltimore-Columbia-Towson, MD","24","Maryland","510","Baltimore (City)","39.297733","-76.604603"
"05/24/2021","AQS","245100040","1","12","ppb","11","Oldtown","23","96.0000","42602","Nitrogen dioxide (NO2)","12580","Baltimore-Columbia-Towson, MD","24","Maryland","510","Baltimore (City)","39.297733","-76.604603"
"05/25/2021","AQS","245100040","1","15.7","ppb","14","Oldtown","22","92.0000","42602","Nitrogen dioxide (NO2)","12580","Baltimore-Columbia-Towson, MD","24","Maryland","510","Baltimore (City)","39.297733","-76.604603"
"05/26/2021","AQS","245100040","1","20.1","ppb","19","Oldtown","23","96.0000","42602","Nitrogen dioxide (NO2)","12580","Baltimore-Columbia-Towson, MD","24","Maryland","510","Baltimore (City)","39.297733","-76.604603"
"05/27/2021","AQS","245100040","1","35.1","ppb","33","Oldtown","23","96.0000","42602","Nitrogen dioxide (NO2)","12580","Baltimore-Columbia-Towson, MD","24","Maryland","510","Baltimore (City)","39.297733","-76.604603"
"05/28/2021","AQS","245100040","1","17.5","ppb","16","Oldtown","23","96.0000","42602","Nitrogen dioxide (NO2)","12580","Baltimore-Columbia-Towson, MD","24","Maryland","510","Baltimore (City)","39.297733","-76.604603"
"05/29/2021","AQS","245100040","1","5.6","ppb","5","Oldtown","24","100.0000","42602","Nitrogen dioxide (NO2)","12580","Baltimore-Columbia-Towson, MD","24","Maryland","510","Baltimore (City)","39.297733","-76.604603"
"05/30/2021","AQS","245100040","1","7.5","ppb","7","Oldtown","24","100.0000","42602","Nitrogen dioxide (NO2)","12580","Baltimore-Columbia-Towson, MD","24","Maryland","510","Baltimore (City)","39.297733","-76.604603"
"05/31/2021","AQS","245100040","1","30","ppb","28","Oldtown","23","96.0000","42602","Nitrogen dioxide (NO2)","12580","Baltimore-Columbia-Towson, MD","24","Maryland","510","Baltimore (City)","39.297733","-76.604603"
"06/01/2021","AQS","245100040","1","30.3","ppb","28","Oldtown","22","92.0000","42602","Nitrogen dioxide (NO2)","12580","Baltimore-Columbia-Towson, MD","24","Maryland","510","Baltimore (City)","39.297733","-76.604603"
"06/02/2021","AQS","245100040","1","15.2","ppb","14","Oldtown","23","96.0000","42602","Nitrogen dioxide (NO2)","12580","Baltimore-Columbia-Towson, MD","24","Maryland","510","Baltimore (City)","39.297733","-76.604603"
"06/03/2021","AQS","245100040","1","17.9","ppb","16","Oldtown","23","96.0000","42602","Nitrogen dioxide (NO2)","12580","Baltimore-Columbia-Towson, MD","24","Maryland","510","Baltimore (City)","39.297733","-76.604603"
"06/04/2021","AQS","245100040","1","35.6","ppb","33","Oldtown","23","96.0000","42602","Nitrogen dioxide (NO2)","12580","Baltimore-Columbia-Towson, MD","24","Maryland","510","Baltimore (City)","39.297733","-76.604603"
"06/05/2021","AQS","245100040","1","35.4","ppb","33","Oldtown","24","100.0000","42602","Nitrogen dioxide (NO2)","12580","Baltimore-Columbia-Towson, MD","24","Maryland","510","Baltimore (City)","39.297733","-76.604603"
"06/06/2021","AQS","245100040","1","18.9","ppb","17","Oldtown","24","100.0000","42602","Nitrogen dioxide (NO2)","12580","Baltimore-Columbia-Towson, MD","24","Maryland","510","Baltimore (City)","39.297733","-76.604603"
"06/07/2021","AQS","245100040","1","20.6","ppb","19","Oldtown","23","96.0000","42602","Nitrogen dioxide (NO2)","12580","Baltimore-Columbia-Towson, MD","24","Maryland","510","Baltimore (City)","39.297733","-76.604603"
"06/08/2021","AQS","245100040","1","20.4","ppb","19","Oldtown","24","100.0000","42602","Nitrogen dioxide (NO2)","12580","Baltimore-Columbia-Towson, MD","24","Maryland","510","Baltimore (City)","39.297733","-76.604603"
"06/09/2021","AQS","245100040","1","24.7","ppb","23","Oldtown","21","88.0000","42602","Nitrogen dioxide (NO2)","12580","Baltimore-Columbia-Towson, MD","24","Maryland","510","Baltimore (City)","39.297733","-76.604603"
"06/10/2021","AQS","245100040","1","17.8","ppb","16","Oldtown","23","96.0000","42602","Nitrogen dioxide (NO2)","12580","Baltimore-Columbia-Towson, MD","24","Maryland","510","Baltimore (City)","39.297733","-76.604603"
"06/11/2021","AQS","245100040","1","12.5","ppb","11","Oldtown","23","96.0000","42602","Nitrogen dioxide (NO2)","12580","Baltimore-Columbia-Towson, MD","24","Maryland","510","Baltimore (City)","39.297733","-76.604603"
"06/12/2021","AQS","245100040","1","14.6","ppb","13","Oldtown","24","100.0000","42602","Nitrogen dioxide (NO2)","12580","Baltimore-Columbia-Towson, MD","24","Maryland","510","Baltimore (City)","39.297733","-76.604603"
"06/13/2021","AQS","245100040","1","10","ppb","9","Oldtown","24","100.0000","42602","Nitrogen dioxide (NO2)","12580","Baltimore-Columbia-Towson, MD","24","Maryland","510","Baltimore (City)","39.297733","-76.604603"
"06/14/2021","AQS","245100040","1","21.3","ppb","20","Oldtown","23","96.0000","42602","Nitrogen dioxide (NO2)","12580","Baltimore-Columbia-Towson, MD","24","Maryland","510","Baltimore (City)","39.297733","-76.604603"
"06/15/2021","AQS","245100040","1","18.1","ppb","17","Oldtown","24","100.0000","42602","Nitrogen dioxide (NO2)","12580","Baltimore-Columbia-Towson, MD","24","Maryland","510","Baltimore (City)","39.297733","-76.604603"
"06/16/2021","AQS","245100040","1","27.1","ppb","25","Oldtown","23","96.0000","42602","Nitrogen dioxide (NO2)","12580","Baltimore-Columbia-Towson, MD","24","Maryland","510","Baltimore (City)","39.297733","-76.604603"
"06/17/2021","AQS","245100040","1","40.5","ppb","38","Oldtown","21","88.0000","42602","Nitrogen dioxide (NO2)","12580","Baltimore-Columbia-Towson, MD","24","Maryland","510","Baltimore (City)","39.297733","-76.604603"
"06/18/2021","AQS","245100040","1","41.3","ppb","39","Oldtown","23","96.0000","42602","Nitrogen dioxide (NO2)","12580","Baltimore-Columbia-Towson, MD","24","Maryland","510","Baltimore (City)","39.297733","-76.604603"
"06/19/2021","AQS","245100040","1","27.7","ppb","25","Oldtown","24","100.0000","42602","Nitrogen dioxide (NO2)","12580","Baltimore-Columbia-Towson, MD","24","Maryland","510","Baltimore (City)","39.297733","-76.604603"
"06/20/2021","AQS","245100040","1","25.2","ppb","24","Oldtown","24","100.0000","42602","Nitrogen dioxide (NO2)","12580","Baltimore-Columbia-Towson, MD","24","Maryland","510","Baltimore (City)","39.297733","-76.604603"
"06/21/2021","AQS","245100040","1","13.3","ppb","12","Oldtown","23","96.0000","42602","Nitrogen dioxide (NO2)","12580","Baltimore-Columbia-Towson, MD","24","Maryland","510","Baltimore (City)","39.297733","-76.604603"
"06/22/2021","AQS","245100040","1","42.6","ppb","40","Oldtown","24","100.0000","42602","Nitrogen dioxide (NO2)","12580","Baltimore-Columbia-Towson, MD","24","Maryland","510","Baltimore (City)","39.297733","-76.604603"
"06/23/2021","AQS","245100040","1","35.2","ppb","33","Oldtown","23","96.0000","42602","Nitrogen dioxide (NO2)","12580","Baltimore-Columbia-Towson, MD","24","Maryland","510","Baltimore (City)","39.297733","-76.604603"
"06/24/2021","AQS","245100040","1","43.9","ppb","41","Oldtown","18","75.0000","42602","Nitrogen dioxide (NO2)","12580","Baltimore-Columbia-Towson, MD","24","Maryland","510","Baltimore (City)","39.297733","-76.604603"
"06/25/2021","AQS","245100040","1","21.9","ppb","20","Oldtown","23","96.0000","42602","Nitrogen dioxide (NO2)","12580","Baltimore-Columbia-Towson, MD","24","Maryland","510","Baltimore (City)","39.297733","-76.604603"
"06/26/2021","AQS","245100040","1","9.1","ppb","8","Oldtown","24","100.0000","42602","Nitrogen dioxide (NO2)","12580","Baltimore-Columbia-Towson, MD","24","Maryland","510","Baltimore (City)","39.297733","-76.604603"
"06/27/2021","AQS","245100040","1","11.3","ppb","10","Oldtown","24","100.0000","42602","Nitrogen dioxide (NO2)","12580","Baltimore-Columbia-Towson, MD","24","Maryland","510","Baltimore (City)","39.297733","-76.604603"
"06/28/2021","AQS","245100040","1","10.7","ppb","9","Oldtown","23","96.0000","42602","Nitrogen dioxide (NO2)","12580","Baltimore-Columbia-Towson, MD","24","Maryland","510","Baltimore (City)","39.297733","-76.604603"
"06/29/2021","AQS","245100040","1","13.5","ppb","12","Oldtown","24","100.0000","42602","Nitrogen dioxide (NO2)","12580","Baltimore-Columbia-Towson, MD","24","Maryland","510","Baltimore (City)","39.297733","-76.604603"
"06/30/2021","AQS","245100040","1","19","ppb","18","Oldtown","23","96.0000","42602","Nitrogen dioxide (NO2)","12580","Baltimore-Columbia-Towson, MD","24","Maryland","510","Baltimore (City)","39.297733","-76.604603"
"07/01/2021","AQS","245100040","1","19.7","ppb","18","Oldtown","22","92.0000","42602","Nitrogen dioxide (NO2)","12580","Baltimore-Columbia-Towson, MD","24","Maryland","510","Baltimore (City)","39.297733","-76.604603"
"07/02/2021","AQS","245100040","1","11","ppb","10","Oldtown","23","96.0000","42602","Nitrogen dioxide (NO2)","12580","Baltimore-Columbia-Towson, MD","24","Maryland","510","Baltimore (City)","39.297733","-76.604603"
"07/03/2021","AQS","245100040","1","7.6","ppb","7","Oldtown","24","100.0000","42602","Nitrogen dioxide (NO2)","12580","Baltimore-Columbia-Towson, MD","24","Maryland","510","Baltimore (City)","39.297733","-76.604603"
"07/04/2021","AQS","245100040","1","15","ppb","14","Oldtown","24","100.0000","42602","Nitrogen dioxide (NO2)","12580","Baltimore-Columbia-Towson, MD","24","Maryland","510","Baltimore (City)","39.297733","-76.604603"
"07/05/2021","AQS","245100040","1","23.2","ppb","22","Oldtown","23","96.0000","42602","Nitrogen dioxide (NO2)","12580","Baltimore-Columbia-Towson, MD","24","Maryland","510","Baltimore (City)","39.297733","-76.604603"
"07/06/2021","AQS","245100040","1","20.8","ppb","19","Oldtown","24","100.0000","42602","Nitrogen dioxide (NO2)","12580","Baltimore-Columbia-Towson, MD","24","Maryland","510","Baltimore (City)","39.297733","-76.604603"
"07/07/2021","AQS","245100040","1","24.2","ppb","23","Oldtown","23","96.0000","42602","Nitrogen dioxide (NO2)","12580","Baltimore-Columbia-Towson, MD","24","Maryland","510","Baltimore (City)","39.297733","-76.604603"
"07/08/2021","AQS","245100040","1","17.1","ppb","16","Oldtown","23","96.0000","42602","Nitrogen dioxide (NO2)","12580","Baltimore-Columbia-Towson, MD","24","Maryland","510","Baltimore (City)","39.297733","-76.604603"
"07/09/2021","AQS","245100040","1","16.2","ppb","15","Oldtown","19","79.0000","42602","Nitrogen dioxide (NO2)","12580","Baltimore-Columbia-Towson, MD","24","Maryland","510","Baltimore (City)","39.297733","-76.604603"
"07/10/2021","AQS","245100040","1","13.9","ppb","12","Oldtown","24","100.0000","42602","Nitrogen dioxide (NO2)","12580","Baltimore-Columbia-Towson, MD","24","Maryland","510","Baltimore (City)","39.297733","-76.604603"
"07/11/2021","AQS","245100040","1","11.7","ppb","10","Oldtown","24","100.0000","42602","Nitrogen dioxide (NO2)","12580","Baltimore-Columbia-Towson, MD","24","Maryland","510","Baltimore (City)","39.297733","-76.604603"
"07/12/2021","AQS","245100040","1","16.9","ppb","15","Oldtown","24","100.0000","42602","Nitrogen dioxide (NO2)","12580","Baltimore-Columbia-Towson, MD","24","Maryland","510","Baltimore (City)","39.297733","-76.604603"
"07/13/2021","AQS","245100040","1","15.2","ppb","14","Oldtown","24","100.0000","42602","Nitrogen dioxide (NO2)","12580","Baltimore-Columbia-Towson, MD","24","Maryland","510","Baltimore (City)","39.297733","-76.604603"
"07/14/2021","AQS","245100040","1","13.4","ppb","12","Oldtown","22","92.0000","42602","Nitrogen dioxide (NO2)","12580","Baltimore-Columbia-Towson, MD","24","Maryland","510","Baltimore (City)","39.297733","-76.604603"
"07/15/2021","AQS","245100040","1","17","ppb","16","Oldtown","22","92.0000","42602","Nitrogen dioxide (NO2)","12580","Baltimore-Columbia-Towson, MD","24","Maryland","510","Baltimore (City)","39.297733","-76.604603"
"07/16/2021","AQS","245100040","1","15.3","ppb","14","Oldtown","23","96.0000","42602","Nitrogen dioxide (NO2)","12580","Baltimore-Columbia-Towson, MD","24","Maryland","510","Baltimore (City)","39.297733","-76.604603"
"07/17/2021","AQS","245100040","1","17.6","ppb","16","Oldtown","24","100.0000","42602","Nitrogen dioxide (NO2)","12580","Baltimore-Columbia-Towson, MD","24","Maryland","510","Baltimore (City)","39.297733","-76.604603"
"07/18/2021","AQS","245100040","1","12.1","ppb","11","Oldtown","24","100.0000","42602","Nitrogen dioxide (NO2)","12580","Baltimore-Columbia-Towson, MD","24","Maryland","510","Baltimore (City)","39.297733","-76.604603"
"07/19/2021","AQS","245100040","1","17.8","ppb","16","Oldtown","23","96.0000","42602","Nitrogen dioxide (NO2)","12580","Baltimore-Columbia-Towson, MD","24","Maryland","510","Baltimore (City)","39.297733","-76.604603"
"07/20/2021","AQS","245100040","1","25.2","ppb","24","Oldtown","24","100.0000","42602","Nitrogen dioxide (NO2)","12580","Baltimore-Columbia-Towson, MD","24","Maryland","510","Baltimore (City)","39.297733","-76.604603"
"07/21/2021","AQS","245100040","1","16","ppb","15","Oldtown","21","88.0000","42602","Nitrogen dioxide (NO2)","12580","Baltimore-Columbia-Towson, MD","24","Maryland","510","Baltimore (City)","39.297733","-76.604603"
"07/22/2021","AQS","245100040","1","36.1","ppb","34","Oldtown","23","96.0000","42602","Nitrogen dioxide (NO2)","12580","Baltimore-Columbia-Towson, MD","24","Maryland","510","Baltimore (City)","39.297733","-76.604603"
"07/23/2021","AQS","245100040","1","32.5","ppb","30","Oldtown","23","96.0000","42602","Nitrogen dioxide (NO2)","12580","Baltimore-Columbia-Towson, MD","24","Maryland","510","Baltimore (City)","39.297733","-76.604603"
"07/24/2021","AQS","245100040","1","26.4","ppb","25","Oldtown","24","100.0000","42602","Nitrogen dioxide (NO2)","12580","Baltimore-Columbia-Towson, MD","24","Maryland","510","Baltimore (City)","39.297733","-76.604603"
"07/25/2021","AQS","245100040","1","12.3","ppb","11","Oldtown","24","100.0000","42602","Nitrogen dioxide (NO2)","12580","Baltimore-Columbia-Towson, MD","24","Maryland","510","Baltimore (City)","39.297733","-76.604603"
"07/26/2021","AQS","245100040","1","18.5","ppb","17","Oldtown","23","96.0000","42602","Nitrogen dioxide (NO2)","12580","Baltimore-Columbia-Towson, MD","24","Maryland","510","Baltimore (City)","39.297733","-76.604603"
"07/27/2021","AQS","245100040","1","46.6","ppb","43","Oldtown","22","92.0000","42602","Nitrogen dioxide (NO2)","12580","Baltimore-Columbia-Towson, MD","24","Maryland","510","Baltimore (City)","39.297733","-76.604603"
"07/28/2021","AQS","245100040","1","42.9","ppb","40","Oldtown","23","96.0000","42602","Nitrogen dioxide (NO2)","12580","Baltimore-Columbia-Towson, MD","24","Maryland","510","Baltimore (City)","39.297733","-76.604603"
"07/29/2021","AQS","245100040","1","16.3","ppb","15","Oldtown","22","92.0000","42602","Nitrogen dioxide (NO2)","12580","Baltimore-Columbia-Towson, MD","24","Maryland","510","Baltimore (City)","39.297733","-76.604603"
"07/30/2021","AQS","245100040","1","13.1","ppb","12","Oldtown","21","88.0000","42602","Nitrogen dioxide (NO2)","12580","Baltimore-Columbia-Towson, MD","24","Maryland","510","Baltimore (City)","39.297733","-76.604603"
"07/31/2021","AQS","245100040","1","15.7","ppb","14","Oldtown","24","100.0000","42602","Nitrogen dioxide (NO2)","12580","Baltimore-Columbia-Towson, MD","24","Maryland","510","Baltimore (City)","39.297733","-76.604603"
"08/01/2021","AQS","245100040","1","11.9","ppb","10","Oldtown","24","100.0000","42602","Nitrogen dioxide (NO2)","12580","Baltimore-Columbia-Towson, MD","24","Maryland","510","Baltimore (City)","39.297733","-76.604603"
"08/02/2021","AQS","245100040","1","31.7","ppb","29","Oldtown","21","88.0000","42602","Nitrogen dioxide (NO2)","12580","Baltimore-Columbia-Towson, MD","24","Maryland","510","Baltimore (City)","39.297733","-76.604603"
"08/03/2021","AQS","245100040","1","23.4","ppb","22","Oldtown","24","100.0000","42602","Nitrogen dioxide (NO2)","12580","Baltimore-Columbia-Towson, MD","24","Maryland","510","Baltimore (City)","39.297733","-76.604603"
"08/04/2021","AQS","245100040","1","26.7","ppb","25","Oldtown","23","96.0000","42602","Nitrogen dioxide (NO2)","12580","Baltimore-Columbia-Towson, MD","24","Maryland","510","Baltimore (City)","39.297733","-76.604603"
"08/05/2021","AQS","245100040","1","28.4","ppb","26","Oldtown","23","96.0000","42602","Nitrogen dioxide (NO2)","12580","Baltimore-Columbia-Towson, MD","24","Maryland","510","Baltimore (City)","39.297733","-76.604603"
"08/06/2021","AQS","245100040","1","24.9","ppb","23","Oldtown","23","96.0000","42602","Nitrogen dioxide (NO2)","12580","Baltimore-Columbia-Towson, MD","24","Maryland","510","Baltimore (City)","39.297733","-76.604603"
"08/07/2021","AQS","245100040","1","12.2","ppb","11","Oldtown","24","100.0000","42602","Nitrogen dioxide (NO2)","12580","Baltimore-Columbia-Towson, MD","24","Maryland","510","Baltimore (City)","39.297733","-76.604603"
"08/08/2021","AQS","245100040","1","9.8","ppb","8","Oldtown","24","100.0000","42602","Nitrogen dioxide (NO2)","12580","Baltimore-Columbia-Towson, MD","24","Maryland","510","Baltimore (City)","39.297733","-76.604603"
"08/09/2021","AQS","245100040","1","23.9","ppb","22","Oldtown","23","96.0000","42602","Nitrogen dioxide (NO2)","12580","Baltimore-Columbia-Towson, MD","24","Maryland","510","Baltimore (City)","39.297733","-76.604603"
"08/10/2021","AQS","245100040","1","19.6","ppb","18","Oldtown","24","100.0000","42602","Nitrogen dioxide (NO2)","12580","Baltimore-Columbia-Towson, MD","24","Maryland","510","Baltimore (City)","39.297733","-76.604603"
"08/11/2021","AQS","245100040","1","28.5","ppb","26","Oldtown","21","88.0000","42602","Nitrogen dioxide (NO2)","12580","Baltimore-Columbia-Towson, MD","24","Maryland","510","Baltimore (City)","39.297733","-76.604603"
"08/12/2021","AQS","245100040","1","21.7","ppb","20","Oldtown","23","96.0000","42602","Nitrogen dioxide (NO2)","12580","Baltimore-Columbia-Towson, MD","24","Maryland","510","Baltimore (City)","39.297733","-76.604603"
"08/13/2021","AQS","245100040","1","19.4","ppb","18","Oldtown","23","96.0000","42602","Nitrogen dioxide (NO2)","12580","Baltimore-Columbia-Towson, MD","24","Maryland","510","Baltimore (City)","39.297733","-76.604603"
"08/14/2021","AQS","245100040","1","11.6","ppb","10","Oldtown","24","100.0000","42602","Nitrogen dioxide (NO2)","12580","Baltimore-Columbia-Towson, MD","24","Maryland","510","Baltimore (City)","39.297733","-76.604603"
"08/15/2021","AQS","245100040","1","10.6","ppb","9","Oldtown","24","100.0000","42602","Nitrogen dioxide (NO2)","12580","Baltimore-Columbia-Towson, MD","24","Maryland","510","Baltimore (City)","39.297733","-76.604603"
"08/16/2021","AQS","245100040","1","14.9","ppb","13","Oldtown","21","88.0000","42602","Nitrogen dioxide (NO2)","12580","Baltimore-Columbia-Towson, MD","24","Maryland","510","Baltimore (City)","39.297733","-76.604603"
"08/17/2021","AQS","245100040","1","21.3","ppb","20","Oldtown","24","100.0000","42602","Nitrogen dioxide (NO2)","12580","Baltimore-Columbia-Towson, MD","24","Maryland","510","Baltimore (City)","39.297733","-76.604603"
"08/18/2021","AQS","245100040","1","14.2","ppb","13","Oldtown","23","96.0000","42602","Nitrogen dioxide (NO2)","12580","Baltimore-Columbia-Towson, MD","24","Maryland","510","Baltimore (City)","39.297733","-76.604603"
"08/19/2021","AQS","245100040","1","12","ppb","11","Oldtown","23","96.0000","42602","Nitrogen dioxide (NO2)","12580","Baltimore-Columbia-Towson, MD","24","Maryland","510","Baltimore (City)","39.297733","-76.604603"
"08/20/2021","AQS","245100040","1","17","ppb","16","Oldtown","23","96.0000","42602","Nitrogen dioxide (NO2)","12580","Baltimore-Columbia-Towson, MD","24","Maryland","510","Baltimore (City)","39.297733","-76.604603"
"08/21/2021","AQS","245100040","1","19.2","ppb","18","Oldtown","24","100.0000","42602","Nitrogen dioxide (NO2)","12580","Baltimore-Columbia-Towson, MD","24","Maryland","510","Baltimore (City)","39.297733","-76.604603"
"08/22/2021","AQS","245100040","1","13","ppb","12","Oldtown","24","100.0000","42602","Nitrogen dioxide (NO2)","12580","Baltimore-Columbia-Towson, MD","24","Maryland","510","Baltimore (City)","39.297733","-76.604603"
"08/23/2021","AQS","245100040","1","16.1","ppb","15","Oldtown","23","96.0000","42602","Nitrogen dioxide (NO2)","12580","Baltimore-Columbia-Towson, MD","24","Maryland","510","Baltimore (City)","39.297733","-76.604603"
"08/24/2021","AQS","245100040","1","36.5","ppb","34","Oldtown","24","100.0000","42602","Nitrogen dioxide (NO2)","12580","Baltimore-Columbia-Towson, MD","24","Maryland","510","Baltimore (City)","39.297733","-76.604603"
"08/25/2021","AQS","245100040","1","32.9","ppb","30","Oldtown","23","96.0000","42602","Nitrogen dioxide (NO2)","12580","Baltimore-Columbia-Towson, MD","24","Maryland","510","Baltimore (City)","39.297733","-76.604603"
"08/26/2021","AQS","245100040","1","32.9","ppb","30","Oldtown","21","88.0000","42602","Nitrogen dioxide (NO2)","12580","Baltimore-Columbia-Towson, MD","24","Maryland","510","Baltimore (City)","39.297733","-76.604603"
"08/27/2021","AQS","245100040","1","36.2","ppb","34","Oldtown","23","96.0000","42602","Nitrogen dioxide (NO2)","12580","Baltimore-Columbia-Towson, MD","24","Maryland","510","Baltimore (City)","39.297733","-76.604603"
"08/28/2021","AQS","245100040","1","7.9","ppb","7","Oldtown","24","100.0000","42602","Nitrogen dioxide (NO2)","12580","Baltimore-Columbia-Towson, MD","24","Maryland","510","Baltimore (City)","39.297733","-76.604603"
"08/29/2021","AQS","245100040","1","13.6","ppb","12","Oldtown","24","100.0000","42602","Nitrogen dioxide (NO2)","12580","Baltimore-Columbia-Towson, MD","24","Maryland","510","Baltimore (City)","39.297733","-76.604603"
"08/30/2021","AQS","245100040","1","28.5","ppb","26","Oldtown","21","88.0000","42602","Nitrogen dioxide (NO2)","12580","Baltimore-Columbia-Towson, MD","24","Maryland","510","Baltimore (City)","39.297733","-76.604603"
"08/31/2021","AQS","245100040","1","18.1","ppb","17","Oldtown","24","100.0000","42602","Nitrogen dioxide (NO2)","12580","Baltimore-Columbia-Towson, MD","24","Maryland","510","Baltimore (City)","39.297733","-76.604603"
"09/01/2021","AQS","245100040","1","14.7","ppb","13","Oldtown","21","88.0000","42602","Nitrogen dioxide (NO2)","12580","Baltimore-Columbia-Towson, MD","24","Maryland","510","Baltimore (City)","39.297733","-76.604603"
"09/02/2021","AQS","245100040","1","31.6","ppb","29","Oldtown","23","96.0000","42602","Nitrogen dioxide (NO2)","12580","Baltimore-Columbia-Towson, MD","24","Maryland","510","Baltimore (City)","39.297733","-76.604603"
"09/03/2021","AQS","245100040","1","20.2","ppb","19","Oldtown","23","96.0000","42602","Nitrogen dioxide (NO2)","12580","Baltimore-Columbia-Towson, MD","24","Maryland","510","Baltimore (City)","39.297733","-76.604603"
"09/04/2021","AQS","245100040","1","12.5","ppb","11","Oldtown","24","100.0000","42602","Nitrogen dioxide (NO2)","12580","Baltimore-Columbia-Towson, MD","24","Maryland","510","Baltimore (City)","39.297733","-76.604603"
"09/05/2021","AQS","245100040","1","16.5","ppb","15","Oldtown","24","100.0000","42602","Nitrogen dioxide (NO2)","12580","Baltimore-Columbia-Towson, MD","24","Maryland","510","Baltimore (City)","39.297733","-76.604603"
"09/06/2021","AQS","245100040","1","38.6","ppb","36","Oldtown","23","96.0000","42602","Nitrogen dioxide (NO2)","12580","Baltimore-Columbia-Towson, MD","24","Maryland","510","Baltimore (City)","39.297733","-76.604603"
"09/07/2021","AQS","245100040","1","41.1","ppb","39","Oldtown","22","92.0000","42602","Nitrogen dioxide (NO2)","12580","Baltimore-Columbia-Towson, MD","24","Maryland","510","Baltimore (City)","39.297733","-76.604603"
"09/08/2021","AQS","245100040","1","16.3","ppb","15","Oldtown","23","96.0000","42602","Nitrogen dioxide (NO2)","12580","Baltimore-Columbia-Towson, MD","24","Maryland","510","Baltimore (City)","39.297733","-76.604603"
"09/09/2021","AQS","245100040","1","16.6","ppb","15","Oldtown","19","79.0000","42602","Nitrogen dioxide (NO2)","12580","Baltimore-Columbia-Towson, MD","24","Maryland","510","Baltimore (City)","39.297733","-76.604603"
"09/10/2021","AQS","245100040","1","26.2","ppb","25","Oldtown","23","96.0000","42602","Nitrogen dioxide (NO2)","12580","Baltimore-Columbia-Towson, MD","24","Maryland","510","Baltimore (City)","39.297733","-76.604603"
"09/11/2021","AQS","245100040","1","16.6","ppb","15","Oldtown","24","100.0000","42602","Nitrogen dioxide (NO2)","12580","Baltimore-Columbia-Towson, MD","24","Maryland","510","Baltimore (City)","39.297733","-76.604603"
"09/12/2021","AQS","245100040","1","14.6","ppb","13","Oldtown","24","100.0000","42602","Nitrogen dioxide (NO2)","12580","Baltimore-Columbia-Towson, MD","24","Maryland","510","Baltimore (City)","39.297733","-76.604603"
"09/13/2021","AQS","245100040","1","27.6","ppb","25","Oldtown","21","88.0000","42602","Nitrogen dioxide (NO2)","12580","Baltimore-Columbia-Towson, MD","24","Maryland","510","Baltimore (City)","39.297733","-76.604603"
"09/14/2021","AQS","245100040","1","30.2","ppb","28","Oldtown","24","100.0000","42602","Nitrogen dioxide (NO2)","12580","Baltimore-Columbia-Towson, MD","24","Maryland","510","Baltimore (City)","39.297733","-76.604603"
"09/15/2021","AQS","245100040","1","20.7","ppb","19","Oldtown","23","96.0000","42602","Nitrogen dioxide (NO2)","12580","Baltimore-Columbia-Towson, MD","24","Maryland","510","Baltimore (City)","39.297733","-76.604603"
"09/16/2021","AQS","245100040","1","11.5","ppb","10","Oldtown","23","96.0000","42602","Nitrogen dioxide (NO2)","12580","Baltimore-Columbia-Towson, MD","24","Maryland","510","Baltimore (City)","39.297733","-76.604603"
"09/17/2021","AQS","245100040","1","12.7","ppb","11","Oldtown","23","96.0000","42602","Nitrogen dioxide (NO2)","12580","Baltimore-Columbia-Towson, MD","24","Maryland","510","Baltimore (City)","39.297733","-76.604603"
"09/18/2021","AQS","245100040","1","24.9","ppb","23","Oldtown","24","100.0000","42602","Nitrogen dioxide (NO2)","12580","Baltimore-Columbia-Towson, MD","24","Maryland","510","Baltimore (City)","39.297733","-76.604603"
"09/19/2021","AQS","245100040","1","32.2","ppb","30","Oldtown","24","100.0000","42602","Nitrogen dioxide (NO2)","12580","Baltimore-Columbia-Towson, MD","24","Maryland","510","Baltimore (City)","39.297733","-76.604603"
"09/20/2021","AQS","245100040","1","19.7","ppb","18","Oldtown","21","88.0000","42602","Nitrogen dioxide (NO2)","12580","Baltimore-Columbia-Towson, MD","24","Maryland","510","Baltimore (City)","39.297733","-76.604603"
"09/21/2021","AQS","245100040","1","14.8","ppb","13","Oldtown","24","100.0000","42602","Nitrogen dioxide (NO2)","12580","Baltimore-Columbia-Towson, MD","24","Maryland","510","Baltimore (City)","39.297733","-76.604603"
"09/22/2021","AQS","245100040","1","13.4","ppb","12","Oldtown","23","96.0000","42602","Nitrogen dioxide (NO2)","12580","Baltimore-Columbia-Towson, MD","24","Maryland","510","Baltimore (City)","39.297733","-76.604603"
"09/23/2021","AQS","245100040","1","11.8","ppb","10","Oldtown","23","96.0000","42602","Nitrogen dioxide (NO2)","12580","Baltimore-Columbia-Towson, MD","24","Maryland","510","Baltimore (City)","39.297733","-76.604603"
"09/24/2021","AQS","245100040","1","36.4","ppb","34","Oldtown","23","96.0000","42602","Nitrogen dioxide (NO2)","12580","Baltimore-Columbia-Towson, MD","24","Maryland","510","Baltimore (City)","39.297733","-76.604603"
"09/25/2021","AQS","245100040","1","24.7","ppb","23","Oldtown","24","100.0000","42602","Nitrogen dioxide (NO2)","12580","Baltimore-Columbia-Towson, MD","24","Maryland","510","Baltimore (City)","39.297733","-76.604603"
"09/26/2021","AQS","245100040","1","14.5","ppb","13","Oldtown","24","100.0000","42602","Nitrogen dioxide (NO2)","12580","Baltimore-Columbia-Towson, MD","24","Maryland","510","Baltimore (City)","39.297733","-76.604603"
"09/27/2021","AQS","245100040","1","20.2","ppb","19","Oldtown","23","96.0000","42602","Nitrogen dioxide (NO2)","12580","Baltimore-Columbia-Towson, MD","24","Maryland","510","Baltimore (City)","39.297733","-76.604603"
"09/28/2021","AQS","245100040","1","28.2","ppb","26","Oldtown","24","100.0000","42602","Nitrogen dioxide (NO2)","12580","Baltimore-Columbia-Towson, MD","24","Maryland","510","Baltimore (City)","39.297733","-76.604603"
"09/30/2021","AQS","245100040","1","18","ppb","17","Oldtown","23","96.0000","42602","Nitrogen dioxide (NO2)","12580","Baltimore-Columbia-Towson, MD","24","Maryland","510","Baltimore (City)","39.297733","-76.604603"
"10/01/2021","AQS","245100040","1","24.9","ppb","23","Oldtown","21","88.0000","42602","Nitrogen dioxide (NO2)","12580","Baltimore-Columbia-Towson, MD","24","Maryland","510","Baltimore (City)","39.297733","-76.604603"
"10/02/2021","AQS","245100040","1","27.2","ppb","25","Oldtown","24","100.0000","42602","Nitrogen dioxide (NO2)","12580","Baltimore-Columbia-Towson, MD","24","Maryland","510","Baltimore (City)","39.297733","-76.604603"
"10/03/2021","AQS","245100040","1","25.2","ppb","24","Oldtown","24","100.0000","42602","Nitrogen dioxide (NO2)","12580","Baltimore-Columbia-Towson, MD","24","Maryland","510","Baltimore (City)","39.297733","-76.604603"
"10/04/2021","AQS","245100040","1","21.3","ppb","20","Oldtown","21","88.0000","42602","Nitrogen dioxide (NO2)","12580","Baltimore-Columbia-Towson, MD","24","Maryland","510","Baltimore (City)","39.297733","-76.604603"
"10/05/2021","AQS","245100040","1","13.7","ppb","12","Oldtown","18","75.0000","42602","Nitrogen dioxide (NO2)","12580","Baltimore-Columbia-Towson, MD","24","Maryland","510","Baltimore (City)","39.297733","-76.604603"
"10/06/2021","AQS","245100040","1","13.8","ppb","12","Oldtown","23","96.0000","42602","Nitrogen dioxide (NO2)","12580","Baltimore-Columbia-Towson, MD","24","Maryland","510","Baltimore (City)","39.297733","-76.604603"
"10/07/2021","AQS","245100040","1","19.9","ppb","18","Oldtown","23","96.0000","42602","Nitrogen dioxide (NO2)","12580","Baltimore-Columbia-Towson, MD","24","Maryland","510","Baltimore (City)","39.297733","-76.604603"
"10/09/2021","AQS","245100040","1","8.8","ppb","8","Oldtown","24","100.0000","42602","Nitrogen dioxide (NO2)","12580","Baltimore-Columbia-Towson, MD","24","Maryland","510","Baltimore (City)","39.297733","-76.604603"
"10/10/2021","AQS","245100040","1","6","ppb","6","Oldtown","24","100.0000","42602","Nitrogen dioxide (NO2)","12580","Baltimore-Columbia-Towson, MD","24","Maryland","510","Baltimore (City)","39.297733","-76.604603"
"10/11/2021","AQS","245100040","1","12.6","ppb","11","Oldtown","23","96.0000","42602","Nitrogen dioxide (NO2)","12580","Baltimore-Columbia-Towson, MD","24","Maryland","510","Baltimore (City)","39.297733","-76.604603"
"10/12/2021","AQS","245100040","1","15.1","ppb","14","Oldtown","24","100.0000","42602","Nitrogen dioxide (NO2)","12580","Baltimore-Columbia-Towson, MD","24","Maryland","510","Baltimore (City)","39.297733","-76.604603"
"10/13/2021","AQS","245100040","1","25.3","ppb","24","Oldtown","22","92.0000","42602","Nitrogen dioxide (NO2)","12580","Baltimore-Columbia-Towson, MD","24","Maryland","510","Baltimore (City)","39.297733","-76.604603"
"10/14/2021","AQS","245100040","1","39.6","ppb","37","Oldtown","23","96.0000","42602","Nitrogen dioxide (NO2)","12580","Baltimore-Columbia-Towson, MD","24","Maryland","510","Baltimore (City)","39.297733","-76.604603"
"10/16/2021","AQS","245100040","1","10.5","ppb","9","Oldtown","24","100.0000","42602","Nitrogen dioxide (NO2)","12580","Baltimore-Columbia-Towson, MD","24","Maryland","510","Baltimore (City)","39.297733","-76.604603"
"10/17/2021","AQS","245100040","1","8.6","ppb","8","Oldtown","24","100.0000","42602","Nitrogen dioxide (NO2)","12580","Baltimore-Columbia-Towson, MD","24","Maryland","510","Baltimore (City)","39.297733","-76.604603"
"10/18/2021","AQS","245100040","1","18.6","ppb","17","Oldtown","23","96.0000","42602","Nitrogen dioxide (NO2)","12580","Baltimore-Columbia-Towson, MD","24","Maryland","510","Baltimore (City)","39.297733","-76.604603"
"10/19/2021","AQS","245100040","1","18.7","ppb","17","Oldtown","22","92.0000","42602","Nitrogen dioxide (NO2)","12580","Baltimore-Columbia-Towson, MD","24","Maryland","510","Baltimore (City)","39.297733","-76.604603"
"10/20/2021","AQS","245100040","1","36.9","ppb","34","Oldtown","23","96.0000","42602","Nitrogen dioxide (NO2)","12580","Baltimore-Columbia-Towson, MD","24","Maryland","510","Baltimore (City)","39.297733","-76.604603"
"10/21/2021","AQS","245100040","1","33.3","ppb","31","Oldtown","23","96.0000","42602","Nitrogen dioxide (NO2)","12580","Baltimore-Columbia-Towson, MD","24","Maryland","510","Baltimore (City)","39.297733","-76.604603"
"10/22/2021","AQS","245100040","1","17.9","ppb","16","Oldtown","23","96.0000","42602","Nitrogen dioxide (NO2)","12580","Baltimore-Columbia-Towson, MD","24","Maryland","510","Baltimore (City)","39.297733","-76.604603"
"10/23/2021","AQS","245100040","1","14.1","ppb","13","Oldtown","22","92.0000","42602","Nitrogen dioxide (NO2)","12580","Baltimore-Columbia-Towson, MD","24","Maryland","510","Baltimore (City)","39.297733","-76.604603"
"10/24/2021","AQS","245100040","1","19","ppb","18","Oldtown","19","79.0000","42602","Nitrogen dioxide (NO2)","12580","Baltimore-Columbia-Towson, MD","24","Maryland","510","Baltimore (City)","39.297733","-76.604603"
"10/25/2021","AQS","245100040","1","24.7","ppb","23","Oldtown","23","96.0000","42602","Nitrogen dioxide (NO2)","12580","Baltimore-Columbia-Towson, MD","24","Maryland","510","Baltimore (City)","39.297733","-76.604603"
"10/26/2021","AQS","245100040","1","10","ppb","9","Oldtown","24","100.0000","42602","Nitrogen dioxide (NO2)","12580","Baltimore-Columbia-Towson, MD","24","Maryland","510","Baltimore (City)","39.297733","-76.604603"
"10/27/2021","AQS","245100040","1","13","ppb","12","Oldtown","23","96.0000","42602","Nitrogen dioxide (NO2)","12580","Baltimore-Columbia-Towson, MD","24","Maryland","510","Baltimore (City)","39.297733","-76.604603"
"10/28/2021","AQS","245100040","1","21.6","ppb","20","Oldtown","22","92.0000","42602","Nitrogen dioxide (NO2)","12580","Baltimore-Columbia-Towson, MD","24","Maryland","510","Baltimore (City)","39.297733","-76.604603"
"10/29/2021","AQS","245100040","1","8.3","ppb","8","Oldtown","23","96.0000","42602","Nitrogen dioxide (NO2)","12580","Baltimore-Columbia-Towson, MD","24","Maryland","510","Baltimore (City)","39.297733","-76.604603"
"10/30/2021","AQS","245100040","1","17.5","ppb","16","Oldtown","24","100.0000","42602","Nitrogen dioxide (NO2)","12580","Baltimore-Columbia-Towson, MD","24","Maryland","510","Baltimore (City)","39.297733","-76.604603"
"10/31/2021","AQS","245100040","1","12.3","ppb","11","Oldtown","24","100.0000","42602","Nitrogen dioxide (NO2)","12580","Baltimore-Columbia-Towson, MD","24","Maryland","510","Baltimore (City)","39.297733","-76.604603"
"11/01/2021","AQS","245100040","1","32.8","ppb","30","Oldtown","23","96.0000","42602","Nitrogen dioxide (NO2)","12580","Baltimore-Columbia-Towson, MD","24","Maryland","510","Baltimore (City)","39.297733","-76.604603"
"11/02/2021","AQS","245100040","1","27.4","ppb","25","Oldtown","24","100.0000","42602","Nitrogen dioxide (NO2)","12580","Baltimore-Columbia-Towson, MD","24","Maryland","510","Baltimore (City)","39.297733","-76.604603"
"11/03/2021","AQS","245100040","1","26.1","ppb","25","Oldtown","20","83.0000","42602","Nitrogen dioxide (NO2)","12580","Baltimore-Columbia-Towson, MD","24","Maryland","510","Baltimore (City)","39.297733","-76.604603"
"11/04/2021","AQS","245100040","1","30.1","ppb","28","Oldtown","23","96.0000","42602","Nitrogen dioxide (NO2)","12580","Baltimore-Columbia-Towson, MD","24","Maryland","510","Baltimore (City)","39.297733","-76.604603"
"11/06/2021","AQS","245100040","1","31","ppb","29","Oldtown","24","100.0000","42602","Nitrogen dioxide (NO2)","12580","Baltimore-Columbia-Towson, MD","24","Maryland","510","Baltimore (City)","39.297733","-76.604603"
"11/07/2021","AQS","245100040","1","37.6","ppb","35","Oldtown","24","100.0000","42602","Nitrogen dioxide (NO2)","12580","Baltimore-Columbia-Towson, MD","24","Maryland","510","Baltimore (City)","39.297733","-76.604603"
"11/08/2021","AQS","245100040","1","43.5","ppb","41","Oldtown","19","79.0000","42602","Nitrogen dioxide (NO2)","12580","Baltimore-Columbia-Towson, MD","24","Maryland","510","Baltimore (City)","39.297733","-76.604603"
"11/09/2021","AQS","245100040","1","52.3","ppb","49","Oldtown","24","100.0000","42602","Nitrogen dioxide (NO2)","12580","Baltimore-Columbia-Towson, MD","24","Maryland","510","Baltimore (City)","39.297733","-76.604603"
"11/10/2021","AQS","245100040","1","41.6","ppb","39","Oldtown","23","96.0000","42602","Nitrogen dioxide (NO2)","12580","Baltimore-Columbia-Towson, MD","24","Maryland","510","Baltimore (City)","39.297733","-76.604603"
"11/11/2021","AQS","245100040","1","25.2","ppb","24","Oldtown","23","96.0000","42602","Nitrogen dioxide (NO2)","12580","Baltimore-Columbia-Towson, MD","24","Maryland","510","Baltimore (City)","39.297733","-76.604603"
"11/12/2021","AQS","245100040","1","35.7","ppb","33","Oldtown","23","96.0000","42602","Nitrogen dioxide (NO2)","12580","Baltimore-Columbia-Towson, MD","24","Maryland","510","Baltimore (City)","39.297733","-76.604603"
"11/13/2021","AQS","245100040","1","25.2","ppb","24","Oldtown","24","100.0000","42602","Nitrogen dioxide (NO2)","12580","Baltimore-Columbia-Towson, MD","24","Maryland","510","Baltimore (City)","39.297733","-76.604603"
"11/14/2021","AQS","245100040","1","17.4","ppb","16","Oldtown","24","100.0000","42602","Nitrogen dioxide (NO2)","12580","Baltimore-Columbia-Towson, MD","24","Maryland","510","Baltimore (City)","39.297733","-76.604603"
"11/15/2021","AQS","245100040","1","23.6","ppb","22","Oldtown","23","96.0000","42602","Nitrogen dioxide (NO2)","12580","Baltimore-Columbia-Towson, MD","24","Maryland","510","Baltimore (City)","39.297733","-76.604603"
"11/16/2021","AQS","245100040","1","34.8","ppb","32","Oldtown","22","92.0000","42602","Nitrogen dioxide (NO2)","12580","Baltimore-Columbia-Towson, MD","24","Maryland","510","Baltimore (City)","39.297733","-76.604603"
"11/17/2021","AQS","245100040","1","41.6","ppb","39","Oldtown","23","96.0000","42602","Nitrogen dioxide (NO2)","12580","Baltimore-Columbia-Towson, MD","24","Maryland","510","Baltimore (City)","39.297733","-76.604603"
"11/18/2021","AQS","245100040","1","40.8","ppb","38","Oldtown","23","96.0000","42602","Nitrogen dioxide (NO2)","12580","Baltimore-Columbia-Towson, MD","24","Maryland","510","Baltimore (City)","39.297733","-76.604603"
"11/19/2021","AQS","245100040","1","13.2","ppb","12","Oldtown","23","96.0000","42602","Nitrogen dioxide (NO2)","12580","Baltimore-Columbia-Towson, MD","24","Maryland","510","Baltimore (City)","39.297733","-76.604603"
"11/20/2021","AQS","245100040","1","25","ppb","24","Oldtown","24","100.0000","42602","Nitrogen dioxide (NO2)","12580","Baltimore-Columbia-Towson, MD","24","Maryland","510","Baltimore (City)","39.297733","-76.604603"
"11/21/2021","AQS","245100040","1","31.8","ppb","29","Oldtown","24","100.0000","42602","Nitrogen dioxide (NO2)","12580","Baltimore-Columbia-Towson, MD","24","Maryland","510","Baltimore (City)","39.297733","-76.604603"
"11/22/2021","AQS","245100040","1","22.2","ppb","21","Oldtown","21","88.0000","42602","Nitrogen dioxide (NO2)","12580","Baltimore-Columbia-Towson, MD","24","Maryland","510","Baltimore (City)","39.297733","-76.604603"
"11/23/2021","AQS","245100040","1","16.5","ppb","15","Oldtown","24","100.0000","42602","Nitrogen dioxide (NO2)","12580","Baltimore-Columbia-Towson, MD","24","Maryland","510","Baltimore (City)","39.297733","-76.604603"
"11/24/2021","AQS","245100040","1","38.5","ppb","36","Oldtown","23","96.0000","42602","Nitrogen dioxide (NO2)","12580","Baltimore-Columbia-Towson, MD","24","Maryland","510","Baltimore (City)","39.297733","-76.604603"
"11/25/2021","AQS","245100040","1","36.6","ppb","34","Oldtown","23","96.0000","42602","Nitrogen dioxide (NO2)","12580","Baltimore-Columbia-Towson, MD","24","Maryland","510","Baltimore (City)","39.297733","-76.604603"
"11/26/2021","AQS","245100040","1","33.2","ppb","31","Oldtown","23","96.0000","42602","Nitrogen dioxide (NO2)","12580","Baltimore-Columbia-Towson, MD","24","Maryland","510","Baltimore (City)","39.297733","-76.604603"
"11/27/2021","AQS","245100040","1","17.7","ppb","16","Oldtown","24","100.0000","42602","Nitrogen dioxide (NO2)","12580","Baltimore-Columbia-Towson, MD","24","Maryland","510","Baltimore (City)","39.297733","-76.604603"
"11/28/2021","AQS","245100040","1","22.7","ppb","21","Oldtown","24","100.0000","42602","Nitrogen dioxide (NO2)","12580","Baltimore-Columbia-Towson, MD","24","Maryland","510","Baltimore (City)","39.297733","-76.604603"
"11/29/2021","AQS","245100040","1","24.7","ppb","23","Oldtown","23","96.0000","42602","Nitrogen dioxide (NO2)","12580","Baltimore-Columbia-Towson, MD","24","Maryland","510","Baltimore (City)","39.297733","-76.604603"
"11/30/2021","AQS","245100040","1","37.8","ppb","35","Oldtown","22","92.0000","42602","Nitrogen dioxide (NO2)","12580","Baltimore-Columbia-Towson, MD","24","Maryland","510","Baltimore (City)","39.297733","-76.604603"
"12/01/2021","AQS","245100040","1","44.5","ppb","42","Oldtown","20","83.0000","42602","Nitrogen dioxide (NO2)","12580","Baltimore-Columbia-Towson, MD","24","Maryland","510","Baltimore (City)","39.297733","-76.604603"
"12/02/2021","AQS","245100040","1","32.5","ppb","30","Oldtown","23","96.0000","42602","Nitrogen dioxide (NO2)","12580","Baltimore-Columbia-Towson, MD","24","Maryland","510","Baltimore (City)","39.297733","-76.604603"
"12/03/2021","AQS","245100040","1","22.3","ppb","21","Oldtown","23","96.0000","42602","Nitrogen dioxide (NO2)","12580","Baltimore-Columbia-Towson, MD","24","Maryland","510","Baltimore (City)","39.297733","-76.604603"
"12/04/2021","AQS","245100040","1","38.4","ppb","36","Oldtown","24","100.0000","42602","Nitrogen dioxide (NO2)","12580","Baltimore-Columbia-Towson, MD","24","Maryland","510","Baltimore (City)","39.297733","-76.604603"
"12/05/2021","AQS","245100040","1","37.7","ppb","35","Oldtown","24","100.0000","42602","Nitrogen dioxide (NO2)","12580","Baltimore-Columbia-Towson, MD","24","Maryland","510","Baltimore (City)","39.297733","-76.604603"
"12/06/2021","AQS","245100040","1","28.8","ppb","26","Oldtown","23","96.0000","42602","Nitrogen dioxide (NO2)","12580","Baltimore-Columbia-Towson, MD","24","Maryland","510","Baltimore (City)","39.297733","-76.604603"
"12/07/2021","AQS","245100040","1","23.9","ppb","22","Oldtown","23","96.0000","42602","Nitrogen dioxide (NO2)","12580","Baltimore-Columbia-Towson, MD","24","Maryland","510","Baltimore (City)","39.297733","-76.604603"
"12/08/2021","AQS","245100040","1","26.6","ppb","25","Oldtown","23","96.0000","42602","Nitrogen dioxide (NO2)","12580","Baltimore-Columbia-Towson, MD","24","Maryland","510","Baltimore (City)","39.297733","-76.604603"
"12/09/2021","AQS","245100040","1","29.3","ppb","27","Oldtown","23","96.0000","42602","Nitrogen dioxide (NO2)","12580","Baltimore-Columbia-Towson, MD","24","Maryland","510","Baltimore (City)","39.297733","-76.604603"
"12/10/2021","AQS","245100040","1","27.1","ppb","25","Oldtown","23","96.0000","42602","Nitrogen dioxide (NO2)","12580","Baltimore-Columbia-Towson, MD","24","Maryland","510","Baltimore (City)","39.297733","-76.604603"
"12/11/2021","AQS","245100040","1","21","ppb","20","Oldtown","24","100.0000","42602","Nitrogen dioxide (NO2)","12580","Baltimore-Columbia-Towson, MD","24","Maryland","510","Baltimore (City)","39.297733","-76.604603"
"12/12/2021","AQS","245100040","1","35.6","ppb","33","Oldtown","23","96.0000","42602","Nitrogen dioxide (NO2)","12580","Baltimore-Columbia-Towson, MD","24","Maryland","510","Baltimore (City)","39.297733","-76.604603"
"12/14/2021","AQS","245100040","1","39.9","ppb","37","Oldtown","24","100.0000","42602","Nitrogen dioxide (NO2)","12580","Baltimore-Columbia-Towson, MD","24","Maryland","510","Baltimore (City)","39.297733","-76.604603"
"12/16/2021","AQS","245100040","1","40.9","ppb","38","Oldtown","23","96.0000","42602","Nitrogen dioxide (NO2)","12580","Baltimore-Columbia-Towson, MD","24","Maryland","510","Baltimore (City)","39.297733","-76.604603"
"12/17/2021","AQS","245100040","1","29.7","ppb","27","Oldtown","20","83.0000","42602","Nitrogen dioxide (NO2)","12580","Baltimore-Columbia-Towson, MD","24","Maryland","510","Baltimore (City)","39.297733","-76.604603"
"12/18/2021","AQS","245100040","1","26.6","ppb","25","Oldtown","24","100.0000","42602","Nitrogen dioxide (NO2)","12580","Baltimore-Columbia-Towson, MD","24","Maryland","510","Baltimore (City)","39.297733","-76.604603"
"12/19/2021","AQS","245100040","1","23.3","ppb","22","Oldtown","24","100.0000","42602","Nitrogen dioxide (NO2)","12580","Baltimore-Columbia-Towson, MD","24","Maryland","510","Baltimore (City)","39.297733","-76.604603"
"12/20/2021","AQS","245100040","1","32.2","ppb","30","Oldtown","23","96.0000","42602","Nitrogen dioxide (NO2)","12580","Baltimore-Columbia-Towson, MD","24","Maryland","510","Baltimore (City)","39.297733","-76.604603"
"12/21/2021","AQS","245100040","1","35","ppb","33","Oldtown","23","96.0000","42602","Nitrogen dioxide (NO2)","12580","Baltimore-Columbia-Towson, MD","24","Maryland","510","Baltimore (City)","39.297733","-76.604603"
"12/22/2021","AQS","245100040","1","26.7","ppb","25","Oldtown","23","96.0000","42602","Nitrogen dioxide (NO2)","12580","Baltimore-Columbia-Towson, MD","24","Maryland","510","Baltimore (City)","39.297733","-76.604603"
"12/23/2021","AQS","245100040","1","20.8","ppb","19","Oldtown","23","96.0000","42602","Nitrogen dioxide (NO2)","12580","Baltimore-Columbia-Towson, MD","24","Maryland","510","Baltimore (City)","39.297733","-76.604603"
"12/24/2021","AQS","245100040","1","31.9","ppb","29","Oldtown","23","96.0000","42602","Nitrogen dioxide (NO2)","12580","Baltimore-Columbia-Towson, MD","24","Maryland","510","Baltimore (City)","39.297733","-76.604603"
"12/25/2021","AQS","245100040","1","30","ppb","28","Oldtown","24","100.0000","42602","Nitrogen dioxide (NO2)","12580","Baltimore-Columbia-Towson, MD","24","Maryland","510","Baltimore (City)","39.297733","-76.604603"
"12/26/2021","AQS","245100040","1","24","ppb","23","Oldtown","24","100.0000","42602","Nitrogen dioxide (NO2)","12580","Baltimore-Columbia-Towson, MD","24","Maryland","510","Baltimore (City)","39.297733","-76.604603"
"12/27/2021","AQS","245100040","1","17.3","ppb","16","Oldtown","23","96.0000","42602","Nitrogen dioxide (NO2)","12580","Baltimore-Columbia-Towson, MD","24","Maryland","510","Baltimore (City)","39.297733","-76.604603"
"12/28/2021","AQS","245100040","1","32.9","ppb","30","Oldtown","22","92.0000","42602","Nitrogen dioxide (NO2)","12580","Baltimore-Columbia-Towson, MD","24","Maryland","510","Baltimore (City)","39.297733","-76.604603"
"12/29/2021","AQS","245100040","1","27","ppb","25","Oldtown","23","96.0000","42602","Nitrogen dioxide (NO2)","12580","Baltimore-Columbia-Towson, MD","24","Maryland","510","Baltimore (City)","39.297733","-76.604603"
"12/30/2021","AQS","245100040","1","25.5","ppb","24","Oldtown","23","96.0000","42602","Nitrogen dioxide (NO2)","12580","Baltimore-Columbia-Towson, MD","24","Maryland","510","Baltimore (City)","39.297733","-76.604603"
"12/31/2021","AQS","245100040","1","22.1","ppb","21","Oldtown","23","96.0000","42602","Nitrogen dioxide (NO2)","12580","Baltimore-Columbia-Towson, MD","24","Maryland","510","Baltimore (City)","39.297733","-76.604603"
